1.1.jpeg;1
1.10.jpeg;1
1.11.jpeg;1
1.12.jpeg;1
1.13.jpeg;1
1.14.jpeg;1
1.15.jpeg;1
1.16.jpeg;1
1.17.jpeg;1
1.19.jpeg;1
1.2.jpeg;1
1.20.jpeg;1
1.21.jpeg;1
1.22.jpeg;1
1.23.jpeg;1
1.24.jpeg;1
1.25.jpeg;1
1.26.jpeg;1
1.27.jpeg;1
1.28.jpeg;1
1.29.jpeg;1
1.3.jpeg;1
1.30.jpeg;1
1.31.jpeg;1
1.32.jpeg;1
1.33.jpeg;1
1.34.jpeg;1
1.35.jpeg;1
1.36.jpeg;1
1.37.jpeg;1
1.38.jpeg;1
1.39.jpeg;1
1.4.jpeg;1
1.40.jpeg;1
1.41.jpeg;1
1.42.jpeg;1
1.43.jpeg;1
1.44.jpeg;1
1.45.jpeg;1
1.46.jpeg;1
1.47.jpeg;1
1.48.jpeg;1
1.49.jpeg;1
1.5.jpeg;1
1.50.jpeg;1
1.51.jpeg;1
1.52.jpeg;1
1.53.jpeg;1
1.54.jpeg;1
1.55.jpeg;1
1.56.jpeg;1
1.57.jpeg;1
1.59.jpeg;1
1.6.jpeg;1
1.60.jpeg;1
1.61.jpeg;1
1.62.jpeg;1
1.63.jpeg;1
1.64.jpeg;1
1.65.jpeg;1
1.66.jpeg;1
1.67.jpeg;1
1.68.jpeg;1
1.69.jpeg;1
1.7.jpeg;1
1.71.jpeg;1
1.72.jpeg;1
1.73.jpeg;1
1.74.jpeg;1
1.75.jpeg;1
1.8.jpeg;1
1.9.jpeg;1
10.1.jpeg;10
10.10.jpeg;10
10.11.jpeg;10
10.12.jpeg;10
10.13.jpeg;10
10.2.jpeg;10
10.3.jpeg;10
10.4.jpeg;10
10.5.jpeg;10
10.6.jpeg;10
10.7.jpeg;10
10.8.jpeg;10
10.9.jpeg;10
2.1.jpeg;2
2.12.jpeg;2
2.13.jpeg;2
2.14.jpeg;2
2.15.jpeg;2
2.16.jpeg;2
2.17.jpeg;2
2.18.jpeg;2
2.19.jpeg;2
2.2.jpeg;2
2.20.jpeg;2
2.21.jpeg;2
2.22.jpeg;2
2.23.jpeg;2
2.24.jpeg;2
2.25.jpeg;2
2.26.jpeg;2
2.27.jpeg;2
2.28.jpeg;2
2.29.jpeg;2
2.3.jpeg;2
2.30.jpeg;2
2.31.jpeg;2
2.32.jpeg;2
2.33.jpeg;2
2.34.jpeg;2
2.35.jpeg;2
2.36.jpeg;2
2.37.jpeg;2
2.38.jpeg;2
2.4.jpeg;2
2.5.jpeg;2
2.6.jpeg;2
2.7.jpeg;2
3.1.jpeg;3
3.2.jpeg;3
3.3.jpeg;3
3.5.jpeg;3
4.1.jpeg;4
4.2.jpeg;4
4.3.jpeg;4
4.4.jpeg;4
4.5.jpeg;4
5.1.jpeg;5
5.10.jpeg;5
5.11.jpeg;5
5.12.jpeg;5
5.13.jpeg;5
5.14.jpeg;5
5.2.jpeg;5
5.3.jpeg;5
5.4.jpeg;5
5.5.jpeg;5
5.6.jpeg;5
5.7.jpeg;5
5.8.jpeg;5
5.9.jpeg;5
6.1.jpeg;6
6.10.jpeg;6
6.11.jpeg;6
6.12.jpeg;6
6.13.jpeg;6
6.14.jpeg;6
6.15.jpeg;6
6.16.jpeg;6
6.2.jpeg;6
6.3.jpeg;6
6.4.jpeg;6
6.5.jpeg;6
6.6.jpeg;6
6.7.jpeg;6
6.8.jpeg;6
6.9.jpeg;6
7.1.jpeg;7
7.10.jpeg;7
7.11.jpeg;7
7.12.jpeg;7
7.13.jpeg;7
7.14.jpeg;7
7.15.jpeg;7
7.16.jpeg;7
7.2.jpeg;7
7.3.jpeg;7
7.4.jpeg;7
7.5.jpeg;7
7.6.jpeg;7
7.7.jpeg;7
7.8.jpeg;7
7.9.jpeg;7
8.1.jpeg;8
8.10.jpeg;8
8.11.jpeg;8
8.12.jpeg;8
8.13.jpeg;8
8.14.jpeg;8
8.15.jpeg;8
8.16.jpeg;8
8.17.jpeg;8
8.18.jpeg;8
8.2.jpeg;8
8.3.jpeg;8
8.4.jpeg;8
8.5.jpeg;8
8.6.jpeg;8
8.7.jpeg;8
8.8.jpeg;8
8.9.jpeg;8
9.1.jpeg;9
9.2.jpeg;9
9.3.jpeg;9
9.4.jpeg;9
